,Link
0,https://www.forbes.com/sites/solrashidi/2025/10/09/openais-strategic-shift-what-the-amd-and-nvidia-partnerships-signal/
1,https://www.forbes.com/sites/greatspeculations/2025/10/07/nvidia-stock-2x-to-350/
2,https://www.forbes.com/sites/devpatnaik/2025/10/06/the-lesson-from-intel-and-nvidia-choose-action-over-anxiety/
3,https://www.forbes.com/sites/petercohan/2025/09/24/nvidia-stock-up-1124-other-winners-and-whether-to-buy-nvda/
4,https://www.forbes.com/sites/saibala/2025/09/23/nvidia-powered-diligent-robotics-is-optimizing-last-mile-tasks-in-healthcare/
5,https://www.forbes.com/sites/greatspeculations/2025/09/23/mrvl-stock-vs-nvidia/
6,https://www.forbes.com/sites/iainmartin/2025/09/22/nvidia-keeps-minting-new-coreweave-style-ai-data-center-unicorns/
7,https://www.forbes.com/sites/antoniopequenoiv/2025/09/22/nvidiaopenai-deal-chipmaker-investing-100-billion-in-chatgpt-maker/
8,https://www.forbes.com/sites/paulocarvao/2025/09/22/ai-red-lines-nvidia-and-openai-100b-push-and-uns-global-warning/
9,https://www.forbes.com/sites/daniellechemtob/2025/09/19/forbes-daily-intel-shares-spike-after-deal-with-rival-nvidia/
10,https://www.forbes.com/sites/digital-assets/2025/09/19/intel-stock-surges-25-as-ai-alliance-with-nvidia-confirms-americas-chip-strategy/
11,https://www.forbes.com/sites/tiriasresearch/2025/09/19/nvidias-ai-factory-vision-comes-into-focus-with-rubin-cpx/
12,https://www.forbes.com/sites/karlfreund/2025/09/19/cadence-design-and-nvidia-team-to-create-ai-data-center-digital-twin/
13,https://www.forbes.com/sites/timbajarin/2025/09/18/the-nvidia-intel-partnership-signals-a-fundamental-market-realignment/
14,https://www.forbes.com/sites/siladityaray/2025/09/18/nvidia-is-investing-5-billion-in-rival-intel/
15,https://www.forbes.com/sites/johnkoetsier/2025/09/16/humanoid-robotics-company-raises-1-billion-for-nvidia-chips-ai-data-collection-production/
16,https://www.forbes.com/sites/siladityaray/2025/09/15/china-says-nvidia-violated-antitrust-law-chipmakers-shares-slip-15-in-premarket/
17,https://www.forbes.com/sites/greatspeculations/2025/09/12/how-amd-nvidia-broadcom-can-ride-oracles-455b-cloud-surge/
18,https://www.forbes.com/sites/greatspeculations/2025/09/11/google-tpus-vs-nvidia-gpus/
19,https://www.forbes.com/sites/karlfreund/2025/09/09/nvidia-announces-rubin-cpx-gpu-to-speed-long-context-ai/
20,https://www.forbes.com/sites/greatspeculations/2025/09/05/nvidia-stock-to-fall-50-as-ai-cycle-turns/
21,https://www.forbes.com/sites/johnwerner/2025/09/03/nvidia-and-todays-chip-landscape--what-is-google-doing/
22,https://www.forbes.com/sites/bill_stone/2025/08/31/nvidia--magnificent-7-too-hot-to-handle/
23,https://www.forbes.com/sites/johnwerner/2025/08/30/china-blocks-import-of-nvidia-h20s/
24,https://www.forbes.com/sites/johnwerner/2025/08/29/after-earnings-nvidia-powers-ahead-on-robotics-and-automation/
25,https://www.forbes.com/sites/petercohan/2025/08/28/nvidia-stock-down-12-why-growth-may-slow-and-why-not-to-buy-nvda/
26,https://www.forbes.com/sites/tylerroush/2025/08/27/nvidia-earnings-beats-wall-street-expectations-and-sets-another-quarterly-sales-record/
27,https://www.forbes.com/sites/davealtavilla/2025/08/26/nvidia-jetson-agx-thor-dev-kit-raises-the-robotics-bar-with-blackwell/
28,https://www.forbes.com/sites/janakirammsv/2025/08/26/nvidias-jetson-thor-delivers-a-data-center-class-ai-punch-to-robotics/
29,https://www.forbes.com/sites/adamsarhan/2025/08/26/nvidia-earnings-preview-will-ai-momentum-power-another-blowout-report/
30,https://www.forbes.com/sites/karlfreund/2025/08/22/hotchips-preview-nvidia-scales-ai-beyond-the-data-center/
31,https://www.forbes.com/sites/petercohan/2025/08/22/why-nvidia-matters-more-to-markets-than-the-fed/
32,https://www.forbes.com/sites/greatspeculations/2025/08/18/buy-nvidia-stock-ahead-of-earnings/
33,https://www.forbes.com/sites/howardgleckman/2025/08/15/the-trouble-with-trumps-deal-with-nvidia-and-amd-its-an-export-tax/
34,https://www.forbes.com/sites/karlfreund/2025/08/11/skipping-nvidia-left-amazon-apple-and-tesla--behind-in-ai/
35,https://www.forbes.com/sites/siladityaray/2025/08/11/nvidia-and-amd-slip-in-premarket-as-reports-say-us-will-take-15-cut-of-china-ai-chip-sales/
36,https://www.forbes.com/sites/nathangoldman/2025/08/11/insider-nvidia-and-amds-3-billion-export-tax-deal-with-trump/
37,https://www.forbes.com/sites/bill_stone/2025/08/10/second-quarter-earnings-season-waiting-for-nvidia/
38,https://www.forbes.com/sites/johnwerner/2025/08/10/nvidia-stands-to-grow-taller-in-the-tech-world/
39,https://www.forbes.com/sites/davidhambling/2025/08/08/russia-has-an-arsenal-of-new-ai-drones-built-with-smuggled-us-chips/
40,https://www.forbes.com/sites/edgarsten/2025/07/29/nvidia-tech-adds-real-world--models-to-gatik-autonomous-truck-simulator/
41,https://www.forbes.com/sites/greatspeculations/2025/07/28/will-agi-take-nvidia-stock-to-300/
42,https://www.forbes.com/sites/greatspeculations/2025/07/22/nvidia-stock-to-crash-in-2025/
43,https://www.forbes.com/sites/johntamny/2025/07/16/nvidias-jensen-huang-convinced-trump-that-ai-races-are-a-loser/
44,https://www.forbes.com/sites/daniellechemtob/2025/07/16/forbes-daily-nvidia-surge--boosts-ceo-jensen-huangs-fortune/
45,https://www.forbes.com/sites/patrickmoorhead/2025/07/16/allowing-the-nvidia-h20-into-china-is-a-good-start---but-not-enough/
46,https://www.forbes.com/sites/sasirekhasubramanian/2025/07/15/nvidia-the-chips-are-falling-into-place/
47,https://www.forbes.com/sites/tylerroush/2025/07/15/nvidia-shares-hit-all-time-high-as-trump-administration-backs-china-chip-sales/
48,https://www.forbes.com/sites/ywang/2025/07/15/chinese-data-center-billionaire-zhou-chaonans-wealth-jumps-on-nvidia-ai-chip-sales-resumption/
49,https://www.forbes.com/sites/johntamny/2025/07/14/traveling-to-china-nvidias-jensen-huang-embraces-economic-reality/
50,https://www.forbes.com/sites/johntamny/2025/07/12/nvidias-4-trillion-valuation-tells-a-beautiful-retirement-story/
51,https://www.forbes.com/sites/daniellechemtob/2025/07/10/forbes-daily-nvidia-reaches-a-4-trillion-milestone/
52,https://www.forbes.com/sites/dereksaul/2025/07/09/ai-titan-nvidia-becomes-first-4-trillion-company-ever/
53,https://www.forbes.com/sites/dereksaul/2025/07/09/whats-nvidia-more-valuable-than-the-uk-economy-worlds-30-richest-and-total-nyc-real-estate-make-the-list/
54,https://www.forbes.com/sites/stevenwolfepereira/2025/07/09/nvidia-just-hit-4-trillion-but-the-real-ai-boom-hasnt-started-yet/
55,https://www.forbes.com/sites/greatspeculations/2025/07/08/buy-this-alternative-to-nvidia-stock-for-2x-gains/
56,https://www.forbes.com/sites/investor-hub/article/can-nvidia-nvda-stock-hit-200-by-end-2025/
57,https://www.forbes.com/sites/johnwerner/2025/07/06/the-blackwell-successor-what-nvidias-rubin-means-for-your-phone/
58,https://www.forbes.com/sites/investor-hub/article/beyond-nvidia-5-lesser-known-ai-stocks-poised-growth-buy-now/
59,https://www.forbes.com/sites/gilpress/2025/06/30/the-ai-network-is-the-computer-says-nvidia/
60,https://www.forbes.com/sites/tylerroush/2025/06/27/jensen-huang-now-worlds-9th-richest-as-nvidia-win-streak-continues/
61,https://www.forbes.com/sites/tylerroush/2025/06/25/nvidias-jensen-huang-becomes-5-billion-richer-as-shares-hit-record-high/
62,https://www.forbes.com/sites/marcochiappetta/2025/06/24/nvidia-expands-its-gpu-line-up-with-low-power-geforce-rtx-5050-for-laptops-and-desktops/
63,https://www.forbes.com/sites/karlfreund/2025/06/17/is-nvidia-competing-with-its-gpu-cloud-partners/
64,https://www.forbes.com/sites/lutzfinger/2025/06/16/nvidia-wants-to-power-europes-ai-dreams-the-eu-isnt-ready/
65,https://www.forbes.com/sites/janakirammsv/2025/06/13/nvidia-wants-to-build-a-planet-scale-ai-factory-with-dgx-cloud-lepton/
66,https://www.forbes.com/sites/rashishrivastava/2025/06/12/the-worlds-largest-technology-companies-2025-nvidia-continues-to-soar-amid-ai-boom/
67,https://www.forbes.com/sites/petercohan/2025/06/12/rigetti-computing-stock-down-37-as-nvidia-ceo-sees-inflection-point/
68,https://www.forbes.com/sites/saibala/2025/06/11/nvidia-announces-massive-new-initiatives-in-pharma-and-clinical-research/
69,https://www.forbes.com/sites/karlfreund/2025/06/04/latest-mlperf-shows-how-amd-compares-with-nvidia-sort-of/
70,https://www.forbes.com/sites/johntamny/2025/06/02/nvidia-in-china-is-much-more-peaceful-than-nvidia-outside-of-it/
71,https://www.forbes.com/sites/johntamny/2025/06/01/book-review-stephen-witts-take-on-nvidia-the-thinking-machine/
72,https://www.forbes.com/sites/julianhayesii/2025/05/31/ceos-jensen-huang-and-dario-amodei-on-ai-adapt-or-be-replaced/
73,https://www.forbes.com/sites/greatspeculations/2025/05/30/nvidia-stocks-1-big-risk/
74,https://www.forbes.com/sites/saibala/2025/05/29/nvidia-is-investing-heavily-in-healthcare-especially-with-robotics-and-hardware/
75,https://www.forbes.com/sites/investor-hub/article/is-nvidia-stock-a-buy-ahead-of-earnings/
76,https://www.forbes.com/sites/johnkoetsier/2025/05/28/worlds-largest-chip-sets-ai-speed-record-beating-nvidia/
77,https://www.forbes.com/sites/dereksaul/2025/05/28/nvidia-earnings-ai-giant-delivers-another-quarterly-sales-record-despite-china-speed-bump/
78,https://www.forbes.com/sites/geruiwang/2025/05/27/nvidia-partners-with-swedish-consortium-ai-factory-redefines-economy/
79,https://www.forbes.com/sites/davealtavilla/2025/05/20/nvidias-strategic-nvlink-fusion-play-could-be-a-major-market-mover/
80,https://www.forbes.com/sites/janakirammsv/2025/04/25/nvidia-releases-nemo-microservices-to-streamline-ai-agent-development/
81,https://www.forbes.com/sites/moorinsights/2025/04/21/nvidias-ai-omniverse-expands-at-gtc-2025/
82,https://www.forbes.com/sites/dereksaul/2025/04/16/heres-why-theres-a-silver-lining-for-nvidia-after-trumps-china-ai-chip-curb/
83,https://www.forbes.com/sites/benjaminlaker/2025/04/16/nvidia-building-ai-supercomputers-in-the-us-but-who-will-operate-them/
84,https://www.forbes.com/sites/antonyleather/2025/04/15/nvidia-announces-rtx-5060-graphics-cards-priced-from-299/
85,https://www.forbes.com/sites/chrisdobstaff/2025/04/15/forbes-daily-nvidia-chooses-texas-as-its-us-supercomputer-base/
86,https://www.forbes.com/sites/gennacontino/2025/04/14/nvidia-to-make-ai-supercomputers-entirely-in-us/
87,https://www.forbes.com/sites/petercohan/2025/04/10/nvidia-stock-could-fall-if-125-china-tariff-drives-price-increases/
88,https://www.forbes.com/sites/dariashunina/2025/04/07/nvidia-backed-rescale-builds-the-ai-eras-digital-engineering-backbone/
89,https://www.forbes.com/sites/investor-hub/article/is-nvidia-nvda-stock-worth-buying-the-dip/
90,https://www.forbes.com/sites/dereksaul/2025/04/16/heres-why-theres-a-silver-lining-for-nvidia-after-trumps-china-ai-chip-curb/
91,https://www.forbes.com/sites/antonyleather/2025/04/15/nvidia-announces-rtx-5060-graphics-cards-priced-from-299/
92,https://www.forbes.com/sites/chrisdobstaff/2025/04/15/forbes-daily-nvidia-chooses-texas-as-its-us-supercomputer-base/
93,https://www.forbes.com/sites/gennacontino/2025/04/14/nvidia-to-make-ai-supercomputers-entirely-in-us/
94,https://www.forbes.com/sites/petercohan/2025/04/10/nvidia-stock-could-fall-if-125-china-tariff-drives-price-increases/
95,https://www.forbes.com/sites/dariashunina/2025/04/07/nvidia-backed-rescale-builds-the-ai-eras-digital-engineering-backbone/
96,https://www.forbes.com/sites/investor-hub/article/is-nvidia-nvda-stock-worth-buying-the-dip/
97,https://www.forbes.com/sites/selk/2025/04/01/3-takeaways-on-the-future-of-ai-from-the-nvidia-conference/
98,https://www.forbes.com/sites/janakirammsv/2025/03/25/nvidia-dynamo---next-gen-ai-inference-server-for-enterprises/
99,https://www.forbes.com/sites/janakirammsv/2025/03/23/what-is-ai-factory-and-why-is-nvidia-betting-on-it/
100,https://www.forbes.com/sites/karlfreund/2025/03/21/is-jensen-huang-nvidias-chief-revenue-destruction-officer/
101,https://www.forbes.com/sites/cathyhackl/2025/03/20/4-key-takeaways-from-nvidias-gtc-2025-that-will-reshape-your-business/
102,https://www.forbes.com/sites/davealtavilla/2025/03/20/nvidia-benchmark-recipes-bring-deep-insights-in-real-world-ai-performance/
103,https://www.forbes.com/sites/timbajarin/2025/03/20/the-biggest-news-from-nvidias-gtc-keynote/
104,https://www.forbes.com/sites/tomcoughlin/2025/03/19/storage-and-memory-enable-next-generation-ai-at-the-2025-gtc/
105,https://www.forbes.com/sites/edgarsten/2025/03/18/magna-and-nvidia-partner-on-tech-for-vehicles-to-behave-more-like-humans/
106,https://www.forbes.com/sites/luisromero/2025/03/18/nvidia-gtc-2025-the-rise-of-computational-power-as-currency/
107,https://www.forbes.com/sites/tiriasresearch/2025/03/18/nvidia-networking-steals-the-show-for-the-second-gtc-in-a-row/
108,https://www.forbes.com/sites/greatspeculations/2025/03/14/nvidia-stock-to-60/
109,https://www.forbes.com/sites/tomcoughlin/2025/03/13/kioxia-and-pliops-storage-announcements-for-the-2025-nvidia-gtc/
110,https://www.forbes.com/sites/timbajarin/2025/03/12/what-to-expect-from-nvidias-gtc-conference-next-week/
111,https://www.forbes.com/sites/davidteich/2025/03/12/the-nvidia-way-a-very-good-review-of-the-history-of-an-influential-company/
112,https://www.forbes.com/sites/investor-hub/article/palantir-vs-nvidia-which-is-the-better-ai-stock-buy/
113,https://www.forbes.com/sites/greatspeculations/2025/03/06/cycles-views-on-apple-nvidia-meta-platforms-and-netflix/
114,https://www.forbes.com/sites/greatspeculations/2025/03/05/nvidia-stock-are-tariff-fears-overblown/
115,https://www.forbes.com/sites/antonyleather/2025/03/04/the-nvidia-geforce-rtx-5070-reviews-go-live-whats-the-verdict/
116,https://www.forbes.com/sites/petercohan/2025/02/27/salesforce-stock-falls-on-weak-generative-ai-view-after-nvidia-earnings/
117,https://www.forbes.com/sites/jjkinahan/2025/02/26/nvidia-reports-earnings-after-the-close/
118,https://www.forbes.com/sites/dereksaul/2025/02/26/nvidia-earnings-ai-giant-brought-in--39-billion-during-fourth-quarter-smashing-forecasts/
119,https://www.forbes.com/sites/antonyleather/2025/02/19/the-ultimate-nvidia-geforce-rtx-5070-ti-pc-build-guide/
120,https://www.forbes.com/sites/forbeschina/2025/02/19/weride-soars-another-28-after-nvidia-stake-revealed/
121,https://www.forbes.com/sites/investor-hub/article/nvidia-earnings-what-to-know-stock-report-q1-2025/
122,https://www.forbes.com/sites/antonyleather/2025/02/11/nvidia-geforce-rtx-5070-ti-everything-we-know-so-far/
123,https://www.forbes.com/sites/greatspeculations/2025/02/03/deepseeks-ai-shockwave-hits-nvidia-hard-wiping-out-billions/
124,https://www.forbes.com/sites/dereksaul/2025/02/03/apple-nvidia-and-tesla-among-hardest-hit-as-tariffs-drag-down-stock-market/
125,https://www.forbes.com/sites/chriswestfall/2025/02/03/using-ai-as-a-coach-in-your-career-nvidia-ceo-says-its-a-must-have/
126,https://www.forbes.com/sites/dereksaul/2025/01/31/stocks-give-up-gains-as-tariffs-loom-nvidias-deepseek-selloff-balloons-back-to-500-billion/
127,https://www.forbes.com/sites/gilpress/2025/01/30/deepseek-means-the-end-of-big-data-not-the-end-of-nvidia/
128,https://www.forbes.com/sites/dereksaul/2025/01/29/deepseek-panic-live-updates-nvidia-stock-drops-4-as-trump-reportedly-mulls-china-chip-sale-restrictions/
129,https://www.forbes.com/sites/antonyleather/2025/01/29/nvidia-geforce-rtx-5080-vs-rtx-4090-and-the-winner-is/
130,https://www.forbes.com/sites/carriemccabe/2025/01/28/nvidia-and-diversification-is-your-portfolio-ready/
131,https://www.forbes.com/sites/emilsayegh/2025/01/28/deepseek-hype-vs-nvidia-and-apple-will-calmer-minds-prevail/
132,https://www.forbes.com/sites/daveywinder/2025/01/28/nvidia-security-warning-act-now-as-7-new-gpu-vulnerabilities-confirmed/
133,https://www.forbes.com/sites/callumbooth/2025/01/28/nvidia-stock-goes-down-and-the-internet-cracks-up/
134,https://www.forbes.com/sites/moorinsights/2025/01/28/nvidias-agentic-ai-agenda-at-ces-was-smart-but-it-could-go-further/
135,https://www.forbes.com/sites/greatspeculations/2025/01/27/why-deepseek-is-sinking-nvidia-stock/
136,https://www.forbes.com/sites/dereksaul/2025/01/27/biggest-market-loss-in-history-nvidia-stock-sheds-nearly-600-billion-as-deepseek-shakes-ai-darling/
137,https://www.forbes.com/sites/petercohan/2025/01/26/nvidia-stock-may-fall-as-deepseeks-amazing-ai-model-disrupts-openai/
138,https://www.forbes.com/sites/moorinsights/2025/01/24/nvidia-brings-ai-to-the-physical-world-at-ces-2025/
139,https://www.forbes.com/sites/antonyleather/2025/01/23/nvidia-geforce-rtx-5090-review-rtx-4090-and-rx-7900-xtx-killer/
140,https://www.forbes.com/sites/moorinsights/2025/01/23/nvidia-rtx-5090-graphics-card-review---get-neural-or-get-left-behind/
141,https://www.forbes.com/sites/saibala/2025/01/22/project-stargate-a-500-billion-ai-venture-between-oracle-open-ai-nvidia--softbank-that-will-revolutionize-healthcare/
142,https://www.forbes.com/sites/johnwerner/2025/01/19/understanding-the-physics-aware-systems-that-nvidia-is-working-on/
143,https://www.forbes.com/sites/johnwerner/2025/01/16/top-nvidia-pro-dishes-on-the-future-of-ai/
144,https://www.forbes.com/sites/patrickmoorhead/2025/01/15/nvidia-accenture-and-kion-use-physical-ai-to-transform-warehousing/
145,https://www.forbes.com/sites/zinnialee/2025/01/15/nvidia-joins-4-million-seed-round-in-taiwans-ai-powered-simulation-startup-metai/
146,https://www.forbes.com/sites/jasonevangelho/2025/01/15/valve-interview-reveals-the-future-of-steamos-on-intel-and-nvidia-pcs/
147,https://www.forbes.com/sites/antonyleather/2025/01/13/nvidia-rtx-5090-and-rtx-5080-review-dates-revealed/
148,https://www.forbes.com/sites/davealtavilla/2025/01/13/cosmos-marks-another-masterful-stroke-for-nvidia-in-ai-robotics/
149,https://www.forbes.com/sites/dereksaul/2025/01/13/nvidia-slams-biden-overreach-and-praises-trump-as-ai-stock-enters-correction-territory/
150,https://www.forbes.com/sites/janakirammsv/2025/01/12/everything-you-want-to-know-about-nvidia-project-digits-ai-supercomputer/
151,https://www.forbes.com/sites/jasonevangelho/2025/01/12/nvidia-just-solved-a-huge-steam-deck-problem-what-happens-next/
152,https://www.forbes.com/sites/rachelwells/2025/01/12/5-self-paced-free-ai-courses-to-study-in-2025/
153,https://www.forbes.com/sites/tomcoughlin/2025/01/10/ces-2025-nvidia-storage-and-memory-product-requirements/
154,https://www.forbes.com/sites/jasonsnyder/2025/01/09/quantum-is-decades-away-not-so-fast/
155,https://www.forbes.com/sites/antonyleather/2025/01/09/nvidia-rtx-5000-under-threat-in-amd-radeon-rx-9070-xt-performance-leak/
156,https://www.forbes.com/sites/chriswestfall/2025/01/08/finding-six-figure-jobs-in-ai-nvidia-offers-free-training-courses/
157,https://www.forbes.com/sites/antonyleather/2025/01/08/nvidias-rtx-5090-twice-as-fast-as-the-rtx-4090-but-theres-a-catch/
158,https://www.forbes.com/sites/digital-assets/2025/01/08/9-nvidia-announcements-from-ces-2025-and-their-impact-on-blockchain/
159,https://www.forbes.com/sites/petercohan/2025/01/07/nvidia-stock-may-rise-as-its-stealth-ai-cloud-rivals-big-customers/
160,https://www.forbes.com/sites/dereksaul/2025/01/07/nvidia-stock-suddenly-slips-to-worst-day-in-months-as-tech-stocks-pull-back/
161,https://www.forbes.com/sites/esatdedezade/2025/01/07/nvidias-packed-ces-2025-keynote-gaming-robots-self-driving-cars-and-personal-ai-supercomputers/
162,https://www.forbes.com/sites/petercohan/2025/01/07/nvidia-stock-may-rise-as-its-stealth-ai-cloud-rivals-big-customers/
163,https://www.forbes.com/sites/antonyleather/2025/01/06/nvidia-rtx-5080-image-leak-confirms-specifications-ready-to-launch/
164,https://www.forbes.com/sites/dereksaul/2025/01/06/nvidia-stock-pops-4-on-track-for-record-close-ahead-of-jensen-huang-ces-keynote/
165,https://www.forbes.com/sites/karlfreund/2025/01/06/nvidia-rocks-ces-with-grace-blackwell-ai-pc-platform/
166,https://www.forbes.com/sites/richardbishop1/2025/01/06/aurora-continental-and-nvidia-partner-to-scale-up-driverless-trucks/
167,https://www.forbes.com/sites/antonyleather/2025/01/06/nvidia-set-to-announce-geforce-rtx-5000-series/
168,https://www.forbes.com/sites/antonyleather/2025/01/06/nvidia-reveals-the-rtx-5090-theres-good-and-bad-news/
169,https://www.forbes.com/sites/antonyleather/2025/01/05/nvidia-geforce-rtx-5090-revealed-and-its-massive/
170,https://www.forbes.com/sites/greatspeculations/2025/01/03/nvidia-stock-vs-custom-ai-chips-should-investors-worry/
171,https://www.forbes.com/sites/antonyleather/2025/01/01/nvidia-geforce-rtx-5080-rumored-for-january-21st-release/
172,https://www.forbes.com/sites/antonyleather/2024/12/31/nvidia-geforce-rtx-5000-everything-you-need-to-know/
173,https://www.forbes.com/sites/bethkindig/2024/12/23/where-i-plan-to-buy-nvidia-stock-next/
174,https://www.forbes.com/sites/greatspeculations/2024/12/20/how-nvidia-stock-could-fall-to-65/
175,https://www.forbes.com/sites/bethkindig/2024/12/19/this-is-not-broadcoms-nvidia-moment-yet/
176,https://www.forbes.com/sites/dereksaul/2024/12/16/nvidia-stock-limps-to-correction-territory-as-ai-leaders-post-election-slump-deepens/
177,https://www.forbes.com/sites/emilsayegh/2024/12/11/the-ai-chip-race-who-can-compete-with-nvidia/
178,https://www.forbes.com/sites/gilpress/2024/12/10/nvidia-rigetti-quantum-machines-deliver-ai-powered-quantum-computing/
179,https://www.forbes.com/sites/greatspeculations/2024/12/06/sell-nvidia-buy-intel-stock/
180,https://www.forbes.com/sites/antonyleather/2024/12/03/intel-reveals-249-arc-a580-video-card-should-nvidia-be-worried/
181,https://www.forbes.com/sites/antonyleather/2024/11/29/nvidia-rtx-5000-series-graphics-cards-arriving-early-january/
182,https://www.forbes.com/sites/bethkindig/2024/11/27/nvidias-stock-has-70-potential-upside-for-2025/
183,https://www.forbes.com/sites/johnwerner/2024/11/26/nvidia-breaks-ground-with-edify-3d/
184,https://www.forbes.com/sites/johnwerner/2024/11/25/whats-so-great-about-nvidia-blackwell/
185,https://www.forbes.com/sites/petercohan/2024/11/24/nvidia-stock-may-rise-as-musk-aims-to-buy-9-billion-in-ai-chips/
186,https://www.forbes.com/sites/petercohan/2024/11/21/nvidia-stock-pops-2-despite-slower-growth-view-margin-drop/
187,https://www.forbes.com/sites/dereksaul/2024/11/21/nvidia-stock-briefly-rises-to-all-time-high-in-rollercoaster-post-earnings-trading/
188,https://www.forbes.com/sites/dereksaul/2024/11/20/nvidia-earnings-another-record-quarter-for-ai-leader/
189,https://www.forbes.com/sites/bethkindig/2024/11/20/nvidia-stock-is-a-buy-on-dips-before-blackwell-arrives-in-2025/
190,https://www.forbes.com/sites/dereksaul/2024/11/20/nvidia-rallies-5-ahead-of-earnings-what-to-expect-from-most-important-stocks-report/
191,https://www.forbes.com/sites/investor-hub/article/nvidia-nvda-stock-earnings-preview-what-to-know-before-report/
192,https://www.forbes.com/sites/karlfreund/2024/11/18/nvidia-leads-the-hpc-landscape-at-supercomputing-24/
193,https://www.forbes.com/sites/stevemcdowell/2024/11/18/cloudian-hyperstore-meets-nvidia-gpudirect-object-storage-for-ai/
194,https://www.forbes.com/sites/karlfreund/2024/11/13/nvidia-sweeps-benchmarks-amd-is-mia-again/
195,https://www.forbes.com/sites/timbajarin/2024/11/12/is-nvidia-ceo-jensen-huang-the-next-steve-jobs/
196,https://www.forbes.com/sites/johnwerner/2024/11/08/behind-the-scenes-nvidias-great-rise-and-the-new-data-center-era/
197,https://www.forbes.com/sites/jimosman/2024/11/07/can-nvidias-hyper-moores-law-spark-an-ai-revolution/
198,https://www.forbes.com/sites/johnwerner/2024/11/07/tsmc-to-double-production-based-on-nvidia-numbers-and-overall-demand/
199,https://www.forbes.com/sites/dereksaul/2024/11/04/ai-titan-nvidia-overtakes-apple-as-worlds-most-valuable-company/
200,https://www.forbes.com/sites/johnwerner/2024/10/26/3-big-differences--nvidia-is-poised-to-take-over-from-apple/
201,https://www.forbes.com/sites/daveywinder/2024/10/25/urgent-new-nvidia-security-warning-for-200-million-linux-and-windows-gamers/
202,https://www.forbes.com/sites/tonyaevans/2024/10/22/sec-and-doj-back-nvidia-crypto-case-but-digital-chamber-fights-back/
203,https://www.forbes.com/sites/dereksaul/2024/10/21/nvidia-ceo-jensen-huang-vaults-into-worlds-10-richest-for-first-time-ever/
204,https://www.forbes.com/sites/greatspeculations/2024/10/21/stocks-this-week-buy-grinder-and-nvidia/
205,https://www.forbes.com/sites/saibala/2024/10/21/nvidia-announces-partnership-with-aidoc-to-explore-healthcare-ai-adoption/
206,https://www.forbes.com/sites/dereksaul/2024/10/18/nvidia-can-approach-5-trillion-valuation-with-generational-ai-opportunity-still-ahead-bofa-says/
207,https://www.forbes.com/sites/karlfreund/2024/10/15/nvidia-contributes-blackwell-and-ethernet-tech-to-metas-open-compute/
208,https://www.forbes.com/sites/dereksaul/2024/10/15/why-is-nvidia-stock-down-5-blame-a-dutch-firms-technical-error/
209,https://www.forbes.com/sites/howardhyu/2024/10/15/how-eli-lilly-outpaces-nvidia-here-is-one-chart/
210,https://www.forbes.com/sites/tylerroush/2024/10/14/nvidia-stock-pops-3-as-shares-pace-record-with-company-closing-in-on-apple/
211,https://www.forbes.com/sites/tylerroush/2024/10/08/jensen-huangs-net-worth-adds-4-billion-as-nvidia-shares-jump-4/
212,https://www.forbes.com/sites/dereksaul/2024/10/07/nvidia-eclipses-microsoft-as-worlds-second-largest-company-as-stock-climbs-to-6-week-high/
213,https://www.forbes.com/sites/antoniopequenoiv/2024/10/03/nvidia-shares-jump-after-ceo-jensen-huang-notes-insane-demand-for-blackwell-ai-superchip/
214,https://www.forbes.com/sites/saibala/2024/09/30/nvidias-venture-capital-arm-is-silently-investing-millions-into-healthcare/
215,https://www.forbes.com/sites/janakirammsv/2024/09/30/nvidia-acquires-octoai-to-dominate-enterprise-generative-ai-solutions/
216,https://www.forbes.com/sites/greatspeculations/2024/09/24/nvidia-can-pay-50-more-for-intel/
217,https://www.forbes.com/sites/petercohan/2024/09/25/why-nvidia-stock-could-lag-behind-a-key-ai-energy-company/
218,https://www.forbes.com/sites/tylerroush/2024/09/24/nvidia-valuation-approaches-3-trillion-again-as-jensen-huang-finishes-selling-shares-worth-more-than-700-million/
219,https://www.forbes.com/sites/investor-hub/article/nvidia-vs-amd-which-ai-stock-better-buy-now/
220,https://www.forbes.com/sites/antonyleather/2024/09/21/buy-an-nvidia-rtx-4090-before-its-too-late-shortages-predicted/
221,https://www.forbes.com/sites/shivaramrajgopal/2024/09/17/nvidias-disclosure-needs-to-catch-up-with-its-valuation/
222,https://www.forbes.com/sites/carolynschwaar/2024/09/17/nvidia-backs-software-start-up-enabling-complex-additive-manufacturing/
223,https://www.forbes.com/sites/patrickmoorhead/2024/09/12/antitrust-probes-into-nvidia-what-are-the-implications/
224,https://www.forbes.com/sites/janakirammsv/2024/09/12/jfrog-brings-artifact-management-and-software-supply-chain-to-nvidia-nim/
225,https://www.forbes.com/sites/dereksaul/2024/09/11/nvidia-stock-pops-7-as-ceo-huang-touts-demand-for-chips/
226,https://www.forbes.com/sites/julianhayesii/2024/09/06/nvidia-ceo-jensen-huang-gives-contrary-advice-to-ceos-on-firing-people/
227,https://www.forbes.com/sites/zinnialee/2024/09/05/nvidia-joins-japanese-startup-sakana-ais-100-million-series-a-round/
228,https://www.forbes.com/sites/danielnewman/2024/09/05/the-state-of-the-ai-super-cyclenvidia-apple-and-the-overall-demand-for-ai/
229,https://www.forbes.com/sites/dereksaul/2024/09/05/nvidia-stock-attractive-after-15-selloff-bank-of-america-says/
230,https://www.forbes.com/sites/jackkelly/2024/09/04/nvidia-employees-become-multi-millionaires-but-at-what-price/
231,https://www.forbes.com/sites/siladityaray/2024/09/04/nvidia-slide-wipes-10-billion-from-ceo-jensen-huangs-fortune-as-selloff-continues-after-hours/
232,https://www.forbes.com/sites/antoniopequenoiv/2024/09/04/nvidia-denies-it-was-subpoenaed-in-justice-department-antitrust-probe/
233,https://www.forbes.com/sites/dereksaul/2024/09/03/nvidia-stock-plunges-8-amid-broader-stock-losses-as-rocky-september-kicks-off/
234,https://www.forbes.com/sites/gurufocus/2024/08/30/will-nvidia-continue-to-dominate/
235,https://www.forbes.com/sites/maryroeloffs/2024/08/29/nvidia-falls-more-than-4-on-opening-despite-beating-sales-profit-expectations/
236,https://www.forbes.com/sites/bethkindig/2024/08/29/nvidia-stock-is-selling-off-its-not-because-of-blackwell/
237,https://www.forbes.com/sites/petercohan/2024/08/28/nvidia-stock-down-after-hours-despite-q2-earnings-beat-and-raise/
238,https://www.forbes.com/sites/antoniopequenoiv/2024/08/28/nvidia-earnings-ai-chip-designer-reports-record-revenues/
239,https://www.forbes.com/sites/craigsmith/2024/08/27/cerebras-speeds-ai-by-putting-entire-foundation-model-on-its-giant-chip/
240,https://www.forbes.com/sites/investor-hub/article/where-will-nvidia-nvda-stock-be-5-years/
241,https://www.forbes.com/sites/janakirammsv/2024/08/23/google-brings-serverless-inference-to-cloud-run-based-on-nvidia-gpu/
242,https://www.forbes.com/sites/bethkindig/2024/08/22/nvidia-stock-blackwell-suppliers-shrug-off-delay-ahead-of-q2-earnings/
243,https://www.forbes.com/sites/investor-hub/article/nvidia-stock-earnings-preview-what-to-know/
244,https://www.forbes.com/sites/karlfreund/2024/08/20/amd-acquires-zt-addressing-a-key-nvidia-advantage-still-two-to-go/
245,https://www.forbes.com/sites/davidprosser/2024/08/19/how-fabric-cryptography-plans-to-become-the-nvidia-of-privacy-tech/
246,https://www.forbes.com/sites/dereksaul/2024/08/19/nvidia-led-rally-boosts-sp-500-toward-best-stretch-of-2024/
247,https://www.forbes.com/sites/petercohan/2024/08/09/nvidia-stock-could-pop-to-record-if-q2-earnings-report-is-boffo/
248,https://www.forbes.com/sites/karlfreund/2024/08/09/can-groq-really-take-on-nvidia/
249,https://www.forbes.com/sites/dereksaul/2024/07/30/nvidia-stock-falls-to-2-month-low-down-25-from-peak-amid-near-800-billion-swoon/
250,https://www.forbes.com/sites/karlfreund/2024/07/23/nvidia-ai-foundry-and-nims-a-huge-competitive-advantage/
251,https://www.forbes.com/sites/stevemcdowell/2024/07/18/mistral-ai-and-nvidia-unveil-new-language-model-mistral-nemo-12b/
252,https://www.forbes.com/sites/dereksaul/2024/07/17/apple-nvidia-lead-tech-stock-slump-as-lower-rates-and-trumps-china-stance-come-into-focus/
253,https://www.forbes.com/sites/moorinsights/2024/07/15/nvidia-doubles-down-on-ai-and-taiwan-at-computex-2024/
254,https://www.forbes.com/sites/zoyahasan/2024/07/11/how-this-first-time-founder-got-softbank-nvidia-and-microsoft-to-write-him-a-billion-dollar-check/
255,https://www.forbes.com/sites/digital-assets/2024/07/05/tokenization-and-onchain-transform-nvidia-stock-real-estate-with-propy/
256,https://www.forbes.com/sites/dereksaul/2024/07/04/nvidia-and-these-surprise-ai-darlings-are-2024s-best-stocks/
257,https://www.forbes.com/sites/digital-assets/2024/06/28/the-future-of-ai-in-schools-and-small-businesses-through-nvidia-aws-and-universities/
258,https://www.forbes.com/sites/petercohan/2024/06/28/nvidia-stock-is-up-150-and-3-key-advantages-could-keep-it-rising/
259,https://www.forbes.com/sites/antoniopequenoiv/2024/06/25/nvidia-jumps-back-above-3-trillion-valuation-as-stock-gains-following-massive-selloff/
260,https://www.forbes.com/sites/danirvine/2024/06/25/nvidias-explosive-growth-mirrors-tech-giants-of-the-past/
261,https://www.forbes.com/sites/dereksaul/2024/06/24/nvidia-stock-sinks-another-5-market-cap-down-500-billion-from-last-weeks-peak/
262,https://www.forbes.com/sites/garthfriesen/2024/06/23/is-nvidia-stock-in-a-bubble-or-justified-by-ai-growth/
263,https://www.forbes.com/sites/bill_stone/2024/06/23/nvidia-takes-the-throne-is-this-a-tech-bubble/
264,https://www.forbes.com/sites/saibala/2024/06/21/nvidias-work-in-healthcare-is-just-getting-started/
265,https://www.forbes.com/sites/dereksaul/2024/06/20/nvidia-stock-endures-277-billion-midday-selloff-as-ai-giant-falls-behind-microsoft/
266,https://www.forbes.com/sites/roberthart/2024/06/19/chip-stock-rally-continues-wednesday-after-ai-boom-catapults-nvidia-to-worlds-most-valuable-company/
267,https://www.forbes.com/sites/antoniopequenoiv/2024/06/18/nvidia-now-worlds-most-valuable-company-topping-microsoft-and-apple/
268,https://www.forbes.com/sites/tylerroush/2024/06/18/nvidias-jensen-huang-soars-to-119-billion-net-worth-as-company-becomes-worlds-most-valuable/
269,https://www.forbes.com/sites/phoebeliu/2024/06/16/these-10-nvidia-shareholders-have-gotten-36-billion-richer-in-a-month/
270,https://www.forbes.com/sites/investor-hub/article/nvidia-vs-amd-vs-intel-best-ai-stock-to-buy/
271,https://www.forbes.com/sites/dereksaul/2024/06/10/nvidia-shares-now-trading-at-just-120-after-stock-split-in-wake-of-monstrous-run/
272,https://www.forbes.com/sites/petercohan/2024/06/09/nvidia-stock-could-rise-10-fold-on-new-10-billion-growth-vector/
273,https://www.forbes.com/sites/bethkindig/2024/06/07/prediction-nvidia-stock-will-reach-10-trillion-market-cap-by-2030/
274,https://www.forbes.com/sites/jackkelly/2024/06/07/us-regulators-are-looking-into-microsoft-nvidia-and-openai/
275,https://www.forbes.com/sites/dereksaul/2024/06/05/nvidia-stock-hits-new-all-time-high-ahead-of-10-for-1-split/
276,https://www.forbes.com/sites/antoniopequenoiv/2024/06/05/nvidia-tops-apples-market-cap-becoming-the-worlds-2nd-most-valuable-company/
277,https://www.forbes.com/sites/karlfreund/2024/06/03/nvidia-matures-its-ai-while-amd-plays-catchup-at-computex/
278,https://www.forbes.com/sites/investor-hub/article/nvidia-stock-earnings-stock-split-what-next-ai-investing/
279,https://www.forbes.com/sites/dereksaul/2024/05/29/how-big-can-nvidia-get-as-it-threatens-apple-and-a-3-trillion-market-cap/
280,https://www.forbes.com/sites/dereksaul/2024/05/28/nvidia-ceo-huang-briefly-a-100-billion-man-as-ai-firm-closes-in-on-apple/
281,https://www.forbes.com/sites/garthfriesen/2024/05/25/ai-demand-boosts-nvidia-earnings-challenges-commodities-and-utilities/
282,https://www.forbes.com/sites/petercohan/2024/05/25/nvidia-stock-tops-1000-blackwell-could-aid-10-fold-rise-by-2026/
283,https://www.forbes.com/sites/stevendesmyter/2024/05/23/nvidia-and-the-diversification-paradox/
284,https://www.forbes.com/sites/roberthart/2024/05/23/nvidia-shares-soar-after-stellar-earnings-along-with-chip-stocks/
285,https://www.forbes.com/sites/dereksaul/2024/05/23/nvidia-ceo-jensen-huangs-net-worth-shoots-to-90-billion-now-among-top-20/
286,https://www.forbes.com/sites/dereksaul/2024/05/22/nvidia-earnings-stock-rallies-as-ai-giant-reports-600-profit-explosion/
287,https://www.forbes.com/sites/bethkindig/2024/05/22/nvidia-q1-earnings-preview-blackwell-and-the-200b-data-center/
288,https://www.forbes.com/sites/dereksaul/2024/05/21/nvidia-stock-hits-record-high-ahead-of-blockbuster-earnings/
289,https://www.forbes.com/sites/investor-hub/article/nvidia-nvda-stock-earnings-preview/
290,https://www.forbes.com/sites/digital-assets/2024/05/11/exponential-baby-navigating-the-ai--convergence-of-tech-with-nvidia/
291,https://www.forbes.com/sites/investor-hub/article/missed-nvidia-stock-price-rally-check-these-ai-stocks/
292,https://www.forbes.com/sites/janakirammsv/2024/04/26/nvidias-acquisition-of-runai-emphasizes-the-importance-of-kubernetes-for-generative-ai/
293,https://www.forbes.com/sites/robertpearl/2024/04/17/nvidias-ai-bot-outperforms-nurses-heres-what-it-means-for-you/
294,https://www.forbes.com/sites/petercohan/2024/04/11/why-nvidia-stock-could-top-1000-a-share-after-may-earnings-report/
295,https://www.forbes.com/sites/stevemcdowell/2024/04/09/intels-challenges-nvidia-with-gaudi-3-ai-accelerator/
296,https://www.forbes.com/sites/antonyleather/2024/04/09/nvidia-rtx-5090-and-5080-expected-to-launch-late-2024/
297,https://www.forbes.com/sites/forbesbooksauthors/2024/04/02/nvidias-prescription-for-the-future-transforming-healthcare-with-ai/
298,https://www.forbes.com/sites/jackkelly/2024/04/01/i-hope-suffering-happens-to-you-hiring-for-grit-over-pedigree/
299,https://www.forbes.com/sites/davealtavilla/2024/03/27/nvidia-and-synopsys-punctuate-ai-chip-design-and-acceleration-leadership/
